report_year,cyber,fuel_supply,other_unknown,physical_attack_vandalism,supply_adequacy_load_shed,suspicious_activity,system_operations_equipment,transmission_distribution_islanding,weather_natural_disaster
2011,6,7,12,114,31,3,4,6,136
2012,3,5,12,86,11,0,2,8,81
2013,2,6,13,78,10,1,4,15,57
2014,3,17,13,73,13,0,1,15,91
2015,0,0,6,40,0,2,29,0,66
2016,4,7,1,48,7,1,18,13,42
2017,0,7,0,40,4,5,5,9,80
2018,0,5,0,45,0,13,45,10,102
2019,0,7,0,64,2,17,57,39,92
2020,3,7,0,62,0,32,71,42,166
2021,7,11,0,60,1,32,80,40,156
2022,9,5,0,106,4,57,87,27,95
2023,4,1,35,111,0,59,39,11,81
