IYEAR,CORROSION FAILURE,EQUIPMENT FAILURE,EXCAVATION DAMAGE,INCORRECT OPERATION,MATERIAL FAILURE OF PIPE OR WELD,NATURAL FORCE DAMAGE,OTHER ACCIDENT CAUSE,OTHER OUTSIDE FORCE DAMAGE
2010,26,53,5,7,14,1,7,0
2011,35,52,2,11,9,1,8,1
2012,41,46,4,19,5,3,3,1
2013,32,66,3,30,6,1,6,1
2014,35,69,5,21,6,3,3,1
2015,52,79,5,21,7,9,6,7
2016,48,76,2,27,9,5,6,3
2017,34,76,5,30,7,12,2,2
2018,28,105,9,28,6,5,0,2
2019,33,76,4,32,7,6,0,3
2020,38,72,4,22,10,1,2,1
2021,54,70,4,18,10,16,1,0
2022,38,57,2,22,6,4,0,4
2023,47,62,3,25,9,0,0,1
2024,46,62,1,8,6,3,1,3
2025,35,51,5,14,8,0,3,4
2026,22,38,2,10,2,7,6,2
