IYEAR,CORROSION FAILURE,EQUIPMENT FAILURE,EXCAVATION DAMAGE,INCORRECT OPERATION,MATERIAL FAILURE OF PIPE OR WELD,NATURAL FORCE DAMAGE,OTHER INCIDENT CAUSE,OTHER OUTSIDE FORCE DAMAGE
2010,3,3,3,0,0,1,4,1
2011,1,2,2,1,2,1,1,1
2012,5,3,3,0,4,0,0,0
2013,2,4,3,1,0,0,0,0
2014,3,6,1,2,4,1,3,0
2015,3,8,4,0,3,1,5,0
2016,1,7,3,1,0,0,1,1
2017,1,9,1,3,0,0,1,0
2018,3,9,6,0,0,0,1,1
2019,1,10,2,2,2,1,0,1
2020,2,4,2,2,3,1,0,2
2021,0,13,2,0,1,2,1,0
2022,6,11,0,0,1,0,0,2
2023,9,8,3,1,5,1,0,1
2024,10,7,1,1,3,0,1,3
2025,6,11,1,6,5,0,0,3
2026,2,9,2,0,0,1,5,1
