IYEAR,CORROSION FAILURE,EQUIPMENT FAILURE,EXCAVATION DAMAGE,INCORRECT OPERATION,NATURAL FORCE DAMAGE,OTHER INCIDENT CAUSE,OTHER OUTSIDE FORCE DAMAGE,"PIPE, WELD, OR JOINT FAILURE"
2010,1,0,0,0,0,1,3,1
2011,1,0,3,0,0,0,1,1
2012,0,0,1,1,1,0,3,1
2013,0,0,5,0,0,0,4,1
2014,0,0,2,0,1,2,3,1
2015,0,0,6,0,0,1,1,0
2016,0,0,4,0,0,1,1,1
2017,0,1,5,1,0,0,1,1
2018,0,0,7,1,0,1,4,3
2019,0,0,5,2,0,1,0,2
2020,0,1,8,0,0,0,2,2
2021,0,0,2,0,0,0,1,0
2022,0,0,3,0,1,1,1,1
2023,0,0,2,2,0,1,2,0
2024,0,1,6,1,0,1,3,0
2025,0,1,4,0,0,0,1,1
2026,0,0,1,1,0,2,0,0
